{"cameraMode":{"drawMode":0,"name":"Shaded","section":"Shading Mode"},"sceneLighting":false,"audioPlay":false,"sceneViewState":{"showFog":true,"showMaterialUpdate":true,"showSkybox":false,"showFlares":true,"showImageEffects":true,"showParticleSystems":true},"in2DMode":false,"pivot":{"x":500.0,"y":53.318748474121097,"z":0.052949000149965289},"rotation":{"x":-0.10388872027397156,"y":-0.5312694311141968,"z":0.0658448189496994,"w":-0.8382269144058228},"size":0.030135631561279298,"orthographic":false}